{
  "name": "TechHeresy",
  "dark": true,
  "author": "TechHeresy",
  "editorScheme": "/themes/techheresy.xml",
  "ui": {
    "*": {
      "acceleratorSelectionForeground": "#F92671",
      "background": "#222222",
      "borderColor": "#2b2b2b",
      "disabledBackground": "#191919",
      "disabledForeground": "#525053",
      "disabledText": "#525053",
      "focusColor": "#525053",
      "focusedBorderColor": "#F92671",
      "foreground": "#A9B7C6",
      "inactiveBackground": "#191919",
      "inactiveForeground": "#8b888f",
      "infoForeground": "#8b888f",
      "selectionBackground": "#363537",
      "selectionBackgroundInactive": "#363537",
      "selectionForeground": "#F92671",
      "selectionInactiveBackground": "#363537",
      "selectionInactiveForeground": "#F92671",
      "separatorColor": "#222222"
    },
    "ActionButton": {
      "hoverBackground": "#2b2b2b",
      "hoverBorderColor": "#2b2b2b",
      "pressedBackground": "#2b2b2b",
      "pressedBorderColor": "#2b2b2b"
    },
    "Borders": {
      "ContrastBorderColor": "#2b2b2b",
      "color": "#2b2b2b"
    },
    "Button": {
      "arc": 0,
      "background": "#363537",
      "default": {
        "endBackground": "#2b2b2b",
        "endBorderColor": "#2b2b2b",
        "foreground": "#F92671",
        "focusColor": "#F92671",
        "focusedBorderColor": "#2b2b2b",
        "shadowColor": "#2b2b2b",
        "startBackground": "#2b2b2b",
        "startBorderColor": "#2b2b2b"
      },
      "disabledBorderColor": "#2b2b2b",
      "disabledText": "#525053",
      "endBackground": "#2b2b2b",
      "endBorderColor": "#2b2b2b",
      "focusedBorderColor": "#2b2b2b",
      "foreground": "#8b888f",
      "shadowColor": "#2b2b2b",
      "shadowWidth": 0,
      "startBackground": "#2b2b2b",
      "startBorderColor": "#2b2b2b"
    },
    "CheckBox": {
      "background": "#222222",
      "disabledText": "#525053",
      "foreground": "#A9B7C6",
      "select": "#F92671"
    },
    "CheckBoxMenuItem": {
      "acceleratorForeground": "#8b888f",
      "acceleratorSelectionForeground": "#8b888f",
      "background": "#222222",
      "disabledBackground": "#222222",
      "disabledForeground": "#525053",
      "foreground": "#A9B7C6",
      "selectionBackground": "#363537",
      "selectionForeground": "#F92671"
    },
    "ColorChooser": {
      "background": "#222222",
      "foreground": "#A9B7C6",
      "swatchesDefaultRecentColor": "#A9B7C6"
    },
    "ComboBoxButton": {
      "background": "#2b2b2b"
    },
    "ComboBox": {
      "ArrowButton": {
        "background": "#363537",
        "disabledIconColor": "#525053",
        "iconColor": "#A9B7C6",
        "nonEditableBackground": "#222222"
      },
      "background": "#2b2b2b",
      "disabledBackground": "#191919",
      "disabledForeground": "#525053",
      "foreground": "#A9B7C6",
      "modifiedItemForeground": "#F92671",
      "nonEditableBackground": "#2b2b2b",
      "selectionBackground": "#222222",
      "selectionForeground": "#F92671"
    },
    "ComboPopup": {
      "border": "#222222"
    },
    "CompletionPopup": {
      "foreground": "#A9B7C6",
      "matchForeground": "#F92672",
      "selectionInactiveBackground": "#101010",
      "selectionBackground": "#101010"
    },
    "Component": {
      "arc": 4,
      "borderColor": "#2b2b2b",
      "disabledBorderColor": "#2b2b2b",
      "focusColor": "#F92671",
      "focusedBorderColor": "#F92671",
      "hoverIconColor": "#F92671",
      "infoForeground": "#8b888f",
      "iconColor": "#A9B7C6"
    },
    "Counter": {
      "background": "#F92671",
      "foreground": "#A9B7C6"
    },
    "Debugger": {
      "Variables": {
        "collectingDataForeground": "#8b888f",
        "changedValueForeground": "#F92671",
        "errorMessageForeground": "#fc618d",
        "evaluatingExpressionForeground": "#8b888f",
        "exceptionForeground": "#5ad4e6",
        "modifyingValueForeground": "#F92671",
        "valueForeground": "#F92671"
      }
    },
    "DebuggerTabs": {
      "underlinedTabBackground": "#525053"
    },
    "DebuggerPopup": {
      "borderColor": "#525053"
    },
    "DefaultTabs": {
      "background": "#222222",
      "borderColor": "#222222",
      "hoverBackground": "#2b2b2b",
      "inactiveUnderlineColor": "#F92671",
      "underlineColor": "#F92671",
      "underlinedTabBackground": "#222222",
      "underlineHeight": 2
    },
    "DragAndDrop": {
      "areaBackground": "#222222",
      "areaBorderColor": "#222222",
      "areaForeground": "#A9B7C6"
    },
    "Editor": {
      "background": "#191919",
      "foreground": "#A9B7C6",
      "shortcutForeground": "#8b888f"
    },
    "EditorPane": {
      "background": "#191919",
      "caretForeground": "#F92671",
      "foreground": "#A9B7C6",
      "inactiveBackground": "#222222",
      "inactiveForeground": "#525053",
      "selectionBackground": "#363537",
      "selectionForeground": "#F92671"
    },
    "EditorTabs": {
      "borderColor": "#2b2b2b",
      "inactiveUnderlineColor": "#F92671",
      "underlineColor": "#F92671",
      "underlinedTabBackground": "#2b2b2b",
      "underlinedTabForeground": "#bab6c0"
    },
    "FileColor": {
      "Yellow": "00000000"
    },
    "FormattedTextField": {
      "background": "#2b2b2b",
      "caretForeground": "#F92671",
      "foreground": "#A9B7C6",
      "inactiveBackground": "#363537",
      "inactiveForeground": "#525053",
      "selectionForeground": "#F92671",
      "selectionBackground": "#363537"
    },
    "Group": {
      "disabledSeparatorColor": "#222222",
      "separatorColor": "#222222"
    },
    "GutterTooltip": {
      "infoForeground": "#A9B7C6",
      "lineSeparatorColor": "#222222"
    },
    "HelpTooltip": {
      "borderColor": "#222222",
      "infoForeground": "#8b888f"
    },
    "InformationHint": {
      "borderColor": "#222222"
    },
    "InplaceRefactoringPopup": {
      "borderColor": "#222222"
    },
    "Label": {
      "background": "#222222",
      "disabledForeground": "#525053",
      "disabledText": "#525053",
      "foreground": "#8b888f",
      "infoForeground": "#8b888f",
      "selectedForeground": "#F92671"
    },
    "Link": {
      "activeForeground": "#F92671",
      "hoverForeground": "#F92671",
      "pressedForeground": "#F92671",
      "secondaryForeground": "#8b888f",
      "visitedForeground": "#F92671"
    },
    "List": {
      "background": "#191919",
      "foreground": "#A9B7C6",
      "selectionBackground": "#2b2b2b",
      "selectionForeground": "#F92671",
      "selectionInactiveBackground": "#2b2b2b",
      "selectionInactiveForeground": "#F92671"
    },
    "MemoryIndicator": {
      "allocatedBackground": "#363537",
      "usedBackground": "#525053"
    },
    "Menu": {
      "acceleratorForeground": "#8b888f",
      "acceleratorSelectionForeground": "#A9B7C6",
      "background": "#222222",
      "borderColor": "#2b2b2b",
      "disabledBackground": "#363537",
      "disabledForeground": "#525053",
      "foreground": "#A9B7C6",
      "separatorColor": "#222222",
      "selectionForeground": "#F92671"
    },
    "MenuBar": {
      "borderColor": "#222222",
      "disabledBackground": "#222222",
      "disabledForeground": "#525053",
      "foreground": "#A9B7C6",
      "highlight": "#222222",
      "selectionBackground": "#363537",
      "selectionForeground": "#F92671",
      "shadow": "#191919"
    },
    "MenuItem": {
      "acceleratorForeground": "#8b888f",
      "background": "#222222",
      "disabledBackground": "#222222",
      "disabledForeground": "#525053",
      "foreground": "#A9B7C6",
      "selectionBackground": "#363537",
      "selectionForeground": "#F92671"
    },
    "NavBar": {
      "borderColor": "#2b2b2b"
    },
    "Notification": {
      "background": "#2b2b2b",
      "borderColor": "#191919",
      "errorBackground": "#191919",
      "errorBorderColor": "#191919",
      "foreground": "#A9B7C6",
      "MoreButton": {
        "background": "#363537",
        "foreground": "#A9B7C6",
        "innerBorderColor": "#2b2b2b"
      },
      "ToolWindow": {
        "errorBackground": "#2b2b2b",
        "errorBorderColor": "#2b2b2b",
        "informativeBackground": "#2b2b2b",
        "informativeBorderColor": "#2b2b2b",
        "warningBackground": "#2b2b2b",
        "warningBorderColor": "#2b2b2b"
      }
    },
    "OptionPane": {
      "background": "#222222",
      "foreground": "#A9B7C6",
      "messageForeground": "#A9B7C6"
    },
    "Panel": {
      "background": "#222222",
      "foreground": "#8b888f"
    },
    "ParameterInfo": {
      "background": "#363537",
      "borderColor": "#2b2b2b",
      "currentOverloadBackground": "#363537",
      "currentParameterForeground": "#F92671",
      "disabledForeground": "#525053",
      "foreground": "#A9B7C6",
      "infoForeground": "#8b888f",
      "lineSeparatorColor": "#2b2b2b"
    },
    "PasswordField": {
      "background": "#363537",
      "capsLockIconColor": "#F92671",
      "caretForeground": "#F92671",
      "foreground": "#A9B7C6",
      "inactiveForeground": "#525053",
      "selectionBackground": "#525053",
      "selectionForeground": "#F92671"
    },
    "Plugins": {
      "background": "#222222",
      "disabledForeground": "#8b888f",
      "eapTagBackground": "#525053",
      "lightSelectionBackground": "#2b2b2b",
      "tagForeground": "#F92671",
      "tagBackground": "#525053",
      "Button": {
        "installBackground": "#191919",
        "installBorderColor": "#191919",
        "installForeground": "#A9B7C6",
        "installFocusedBackground": "#191919",
        "installFillForeground": "#8b888f",
        "installFillBackground": "#191919",
        "updateBackground": "#191919",
        "updateBorderColor": "#191919",
        "updateForeground": "#A9B7C6"
      },
      "SearchField": {
        "background": "#2b2b2b",
        "borderColor": "#2b2b2b"
      },
      "SectionHeader": {
        "background": "#222222",
        "foreground": "#8b888f"
      },
      "Tab": {
        "hoverBackground": "#2b2b2b",
        "selectedForeground": "#A9B7C6",
        "selectedBackground": "#2b2b2b"
      }
    },
    "Popup": {
      "Advertiser": {
        "background": "#222222",
        "borderColor": "#222222",
        "foreground": "#F92671"
      },
      "borderColor": "#191919",
      "inactiveBorderColor": "#222222",
      "innerBorderColor": "#222222",
      "Header": {
        "activeBackground": "#222222",
        "inactiveBackground": "#191919"
      },
      "paintBorder": true,
      "separatorForeground": "#A9B7C6",
      "separatorColor": "#222222",
      "Toolbar": {
        "background": "#191919",
        "borderColor": "#2b2b2b"
      }
    },
    "PopupMenu": {
      "background": "#222222",
      "foreground": "#A9B7C6",
      "translucentBackground": "#222222",
      "selectionBackground": "#363537"
    },
    "PopupMenuSeparator": {
      "height": 10,
      "stripeIndent": 5
    },
    "ProgressBar": {
      "background": "#222222",
      "foreground": "#F92671",
      "indeterminateEndColor": "#F92671",
      "indeterminateStartColor": "#F92671",
      "progressColor": "#F92671",
      "selectionBackground": "#525053",
      "trackColor": "#525053"
    },
    "RadioButton": {
      "background": "#222222",
      "disabledText": "#525053",
      "foreground": "#A9B7C6"
    },
    "RadioButtonMenuItem": {
      "acceleratorForeground": "#8b888f",
      "acceleratorSelectionForeground": "#8b888f",
      "background": "#222222",
      "disabledBackground": "#222222",
      "disabledForeground": "#525053",
      "foreground": "#A9B7C6",
      "selectionBackground": "#363537",
      "selectionForeground": "#F92671"
    },
    "SearchEverywhere": {
      "Advertiser": {
        "background": "#191919",
        "foreground": "#8b888f"
      },
      "Header": {
        "background": "#222222"
      },
      "List": {
        "separatorColor": "#222222",
        "separatorForeground": "#8b888f"
      },
      "SearchField": {
        "background": "#222222",
        "borderColor": "#191919",
        "infoForeground": "#8b888f"
      },
      "Tab": {
        "selectedForeground": "#F92671",
        "selectedBackground": "#525053"
      }
    },
    "SearchMatch": {
      "endBackground": "#F92671",
      "startBackground": "#F92671"
    },
    "Separator": {
      "separatorColor": "#2b2b2b"
    },
    "SidePanel": {
      "background": "#191919"
    },
    "Slider": {
      "background": "#222222",
      "buttonBorderColor": "#F92671",
      "buttonColor": "#F92671",
      "foreground": "#A9B7C6",
      "tickColor": "#363537",
      "trackColor": "#363537"
    },
    "SpeedSearch": {
      "background": "#525053",
      "borderColor": "#222222",
      "errorForeground": "#A9B7C6",
      "foreground": "#A9B7C6"
    },
    "Spinner": {
      "background": "#222222"
    },
    "SplitPane": {
      "background": "#222222",
      "highlight": "#191919"
    },
    "SplitPaneDivider": {
      "draggingColor": "#363537"
    },
    "StatusBar": {
      "borderColor": "#2b2b2b",
      "hoverBackground": "#2b2b2b"
    },
    "TabbedPane": {
      "background": "#222222",
      "contentAreaColor": "#525053",
      "disabledForeground": "#525053",
      "disabledUnderlineColor": "#525053",
      "focus": "#363537",
      "focusColor": "#363537",
      "foreground": "#A9B7C6",
      "hoverColor": "#2b2b2b",
      "tabSelectionHeight": 2,
      "underlineColor": "#F92671"
    },
    "Table": {
      "background": "#191919",
      "dropLineColor": "#F92671",
      "dropLineShortColor": "#F92671",
      "focusCellBackground": "#191919",
      "focusCellForeground": "#F92671",
      "foreground": "#A9B7C6",
      "gridColor": "#191919",
      "lightSelectionForeground": "#F92671",
      "lightSelectionInactiveForeground": "#A9B7C6",
      "lightSelectionInactiveBackground": "#2b2b2b",
      "selectionBackground": "#2b2b2b",
      "selectionForeground": "#F92671",
      "selectionInactiveBackground": "#2b2b2b",
      "selectionInactiveForeground": "#A9B7C6",
      "sortIconColor": "#A9B7C6",
      "stripeColor": "#191919"
    },
    "TableHeader": {
      "background": "#222222",
      "bottomSeparatorColor": "#2b2b2b",
      "cellBorder": "4,0,4,0",
      "foreground": "#A9B7C6",
      "focusCellBackground": "#363537",
      "separatorColor": "#2b2b2b"
    },
    "textText": "#8b888f",
    "TextArea": {
      "background": "#2b2b2b",
      "caretForeground": "#F92671",
      "foreground": "#A9B7C6",
      "inactiveForeground": "#525053",
      "selectionBackground": "#525053",
      "selectionForeground": "#F92671"
    },
    "TextField": {
      "background": "#2b2b2b",
      "caretForeground": "#F92671",
      "foreground": "#A9B7C6",
      "inactiveForeground": "#525053",
      "selectionBackground": "#525053",
      "selectionForeground": "#F92671"
    },
    "TextPane": {
      "background": "#2b2b2b",
      "caretForeground": "#F92671",
      "foreground": "#A9B7C6",
      "inactiveForeground": "#525053",
      "selectionBackground": "#525053",
      "selectionForeground": "#F92671"
    },
    "TitlePane": {
      "background": "#191919",
      "Button.hoverBackground": "#525053",
      "inactiveBackground": "#222222",
      "infoForeground": "#8b888f",
      "inactiveInfoForeground": "#8b888f"
    },
    "TitledBorder": {
      "titleColor": "#222222"
    },
    "ToggleButton": {
      "borderColor": "#363537",
      "buttonColor": "#A9B7C6",
      "disabledText": "#525053",
      "foreground": "#8b888f",
      "offForeground": "#222222",
      "offBackground": "#222222",
      "onBackground": "#F92671",
      "onForeground": "#F92671"
    },
    "ToolBar": {
      "background": "#191919",
      "borderHandleColor": "#8b888f",
      "floatingForeground": "#8b888f",
      "foreground": "#A9B7C6"
    },
    "ToolTip": {
      "Actions": {
        "background": "#222222",
        "infoForeground": "#8b888f"
      },
      "background": "#222222",
      "borderColor": "#525053",
      "foreground": "#A9B7C6",
      "infoForeground": "#8b888f",
      "shortcutForeground": "#8b888f"
    },
    "ToolWindow": {
      "Button": {
        "hoverBackground": "#2b2b2b",
        "selectedForeground": "#F92671",
        "selectedBackground": "#2b2b2b"
      },
      "Header": {
        "background": "#222222",
        "borderColor": "#2b2b2b",
        "inactiveBackground": "#222222"
      },
      "HeaderCloseButton": {
        "background": "#222222"
      },
      "HeaderTab": {
        "hoverBackground": "#2b2b2b",
        "hoverInactiveBackground": "#2b2b2b",
        "inactiveUnderlineColor": "#F92671",
        "selectedInactiveBackground": "#222222",
        "underlineColor": "#F92671",
        "underlinedTabBackground": "#2b2b2b",
        "underlinedTabInactiveBackground": "#2b2b2b"
      }
    },
    "Tree": {
      "background": "#191919",
      "foreground": "#8b888f",
      "hash": "#222222",
      "modifiedItemForeground": "#F92671",
      "rowHeight": 22,
      "selectionBackground": "#222222",
      "selectionForeground": "#F92671",
      "selectionInactiveBackground": "#222222"
    },
    "UiDesigner": {
      "Panel": {
        "background": "#222222"
      },
      "Preview": {
        "background": "#222222"
      }
    },
    "ValidationTooltip": {
      "errorBackground": "#2b2b2b",
      "errorBorderColor": "#2b2b2b",
      "warningBackground": "#2b2b2b",
      "warningBorderColor": "#2b2b2b"
    },
    "VersionControl": {
      "FileHistory": {
        "Commit": {
          "selectedBranchBackground": "#222222"
        }
      },
      "GitLog": {
        "localBranchIconColor": "#F92671",
        "otherIconColor": "#8b888f",
        "remoteBranchIconColor": "#A9B7C6",
        "tagIconColor": "#8b888f"
      },
      "HgLog": {
        "branchIconColor": "#F92671",
        "bookmarkIconColor": "#F92671",
        "closedBranchIconColor": "#525053",
        "localTagIconColor": "#8b888f",
        "mqTagIconColor": "#8b888f",
        "tagIconColor": "#8b888f",
        "tipIconColor": "#8b888f"
      },
      "Log": {
        "Commit": {
          "unmatchedForeground": "#8b888f",
          "currentBranchBackground": "#2b2b2b"
        }
      },
      "RefLabel": {
        "foreground": "#F92671",
        "backgroundBase": "#525053"
      }
    },
    "Viewport": {
      "background": "#191919",
      "foreground": "#A9B7C6"
    },
    "WelcomeScreen": {
      "background": "#222222",
      "borderColor": "#2b2b2b",
      "captionBackground": "#191919",
      "captionForeground": "#A9B7C6",
      "footerBackground": "#191919",
      "footerForeground": "#A9B7C6",
      "headerBackground": "#222222",
      "headerForeground": "#A9B7C6",
      "Projects": {
        "background": "#191919",
        "selectionBackground": "#222222",
        "selectionInactiveBackground": "#222222"
      },
      "separatorColor": "#2b2b2b"
    },
    "window": "#222222",
    "Window": {
      "border": "0,0,0,0,#2b2b2b"
    },
    "windowBorder": "#2b2b2b",
    "windowText": "#8b888f"
  },
  "icons": {
    "ColorPalette": {
      "Checkbox.Background.Default.Dark": "#363537",
      "Checkbox.Background.Disabled.Dark": "#191919",
      "Checkbox.Background.Selected.Dark": "#363537",
      "Checkbox.Border.Default.Dark": "#363537",
      "Checkbox.Border.Disabled.Dark": "#191919",
      "Checkbox.Border.Selected.Dark": "#363537",
      "Checkbox.Focus.Thin.Default.Dark": "#363537",
      "Checkbox.Focus.Thin.Selected.Dark": "#191919",
      "Checkbox.Focus.Wide.Dark": "#363537",
      "Checkbox.Foreground.Disabled.Dark": "#8b888f",
      "Checkbox.Foreground.Selected.Dark": "#A9B7C6"
    }
  }
}
